<?xml version="1.0" encoding="UTF-8"?>
<grimoire>
	<monster id="imp1">Just a regular imp.
		<name>Regular Imp</name>
		<height>1.6 ft</height>
		<weight>44 lbs</weight>
		<feeding>Junk Food</feeding>
		<family>Devil</family>
	</monster>

	<monster id="eye1">An eye floating ball with vision problem.
		<name>Shortsighted Eye</name>
		<height>1.4 ft</height>
		<weight>12 lbs</weight>
		<feeding>Ants</feeding>
		<family>Undead</family>
	</monster>

	<monster id="zombie1">A zombie that love brains.
		<name>Brain-lover Zombie</name>
		<height>4.9 ft</height>
		<weight>90 lbs</weight>
		<feeding>Books and Humans</feeding>
		<family>Undead</family>
	</monster>

	<monster id="imp2">Workout and videogames. What's next? A hipster bun.
		<name>Geek Imp</name>
		<height>1.6 ft</height>
		<weight>44 lbs</weight>
		<feeding>Vegan Food</feeding>
		<family>Devil</family>
	</monster>

	<monster id="monster1">I think he got stuck there.
		<name>Underbed Monster</name>
		<height>3.4 ft</height>
		<weight>110.5 lbs</weight>
		<feeding>Socks and Underwear</feeding>
		<family>Beast</family>
	</monster>

	<monster id="goo1">Who you gonna call? Ghostbusters!
		<name>Decomposing Goo</name>
		<height>1.4 ft</height>
		<weight>26.4 lbs</weight>
		<feeding>Anything</feeding>
		<family>Undead</family>
	</monster>

	<monster id="cat">Cute but frightening.
		<name>Cat</name>
		<height>0.65 ft</height>
		<weight>6.4 lbs</weight>
		<feeding>Humans. No, wait</feeding>
		<family>Beast</family>
	</monster>

	<monster id="odd1">Too much videogame might confuse your brain.
		<name>Turtle in dog disguise</name>
		<height>0.65 ft</height>
		<weight>6.4 lbs</weight>
		<feeding>Sushi.</feeding>
		<family>Beast</family>
	</monster>

	<monster id="x">Description.
		<name>As it will appear inside grimoire</name>
		<height>in ft</height>
		<weight>in lbs</weight>
		<feeding>funny attempt</feeding>
		<family>So far: Beast, Devil, Undead</family>
	</monster>
</grimoire>